time,acceleration
0,-0.00050922
0.02,-0.000345766
0.04,0.001078783
0.06,0.002411648
0.08,0.003780208
0.1,0.004149002
0.12,0.00138258
0.14,-0.002549611
0.16,-0.004254719
0.18,-0.001002998
0.2,0.003567354
0.22,0.007051334
0.24,0.009834843
0.26,0.012574378
0.28,0.011343239
0.3,0.006508424
0.32,0.001732632
0.34,-0.00289334
0.36,-0.005094394
0.38,-0.003281732
0.4,-0.001038355
0.42,0.000740463
0.44,0.002956033
0.46,0.005528042
0.48,0.008079057
0.5,0.008244278
0.52,0.004760301
0.54,0.000821885
0.56,-0.002597453
0.58,-0.004116237
0.6,-0.003821527
0.62,-0.003501126
0.64,-0.003252838
0.66,-0.002923264
0.68,-0.003251405
0.7,-0.003922165
0.72,-0.004488646
0.74,-0.005065948
0.76,-0.004488274
0.78,-0.001828825
0.8,0.001149323
0.82,0.00396649
0.84,0.007139153
0.86,0.010686785
0.88,0.014417183
0.9,0.018251846
0.92,0.022063471
0.94,0.024435055
0.96,0.020160595
0.98,0.015819087
1,0.016844526
1.02,0.018419908
1.04,0.017450226
1.06,0.013022476
1.08,0.008033851
1.1,0.003284145
1.12,0.00017945
1.14,0.00801116
1.16,0.021435468
1.18,0.032493168
1.2,0.03359575
1.22,0.027357208
1.24,0.022067531
1.26,0.02024871
1.28,0.026273734
1.3,0.035298593
1.32,0.041165275
1.34,0.032849767
1.36,0.015743055
1.38,-0.000490774
1.4,-0.016737035
1.42,-0.034252443
1.44,-0.051196112
1.46,-0.056769056
1.48,-0.048119286
1.5,-0.039584813
1.52,-0.035502648
1.54,-0.031657798
1.56,-0.023040271
1.58,-0.016993075
1.6,-0.021205215
1.62,-0.024455698
1.64,-0.021558529
1.66,-0.017864712
1.68,-0.015201252
1.7,-0.012589153
1.72,-0.010016418
1.74,-0.00222885
1.76,0.010649048
1.78,0.008631573
1.8,-0.005136978
1.82,-0.012994308
1.84,-0.01686682
1.86,-0.022350717
1.88,-0.019563002
1.9,-0.007579675
1.92,0.00282036
1.94,0.009956404
1.96,0.019043954
1.98,0.03390071
2,0.03987907
2.02,0.02318903
2.04,0.002680187
2.06,-0.014075264
2.08,-0.031638527
2.1,-0.039096205
2.12,-0.020683302
2.14,0.002716179
2.16,0.020437237
2.18,0.021547869
2.2,0.006896574
2.22,-0.006029552
2.24,-0.015931811
2.26,-0.027287907
2.28,-0.031824442
2.3,-0.027941418
2.32,-0.030715835
2.34,-0.046537695
2.36,-0.061810997
2.38,-0.070889739
2.4,-0.076469918
2.42,-0.070281529
2.44,-0.049816565
2.46,-0.032223018
2.48,-0.021548879
2.5,-0.008676137
2.52,0.01325922
2.54,0.038808202
2.56,0.055741821
2.58,0.040667086
2.6,0.015734006
2.62,-0.004412412
2.64,-0.027354159
2.66,-0.044309229
2.68,-0.037735613
2.7,-0.027508303
2.72,-0.022323288
2.74,-0.021229557
2.76,-0.0284371
2.78,-0.035032904
2.8,-0.037226957
2.82,-0.038292245
2.84,-0.031803755
2.86,-0.01649047
2.88,-0.004898975
2.9,0.005712647
2.92,0.020755311
2.94,0.038698936
2.96,0.052577436
2.98,0.062145827
3,0.064952122
3.02,0.057545333
3.04,0.043630471
3.06,0.032363545
3.08,0.033157563
3.1,0.040910532
3.12,0.046755459
3.14,0.036527348
3.16,0.019957205
3.18,0.002732432
3.2,-0.015544168
3.22,-0.012968391
3.24,0.002349764
3.26,0.018823103
3.28,0.037068827
3.3,0.034044539
3.32,0.016214242
3.34,-0.002708863
3.36,-0.019847376
3.38,-0.020623695
3.4,-0.019276019
3.42,-0.030485348
3.44,-0.039683677
3.46,-0.038539004
3.48,-0.034594326
3.5,-0.033501637
3.52,-0.033826931
3.54,-0.019138202
3.56,0.004426258
3.58,0.025159357
3.6,0.039440202
3.62,0.037039101
3.64,0.03019906
3.66,0.027511084
3.68,0.024970178
3.7,0.023016345
3.72,0.02931959
3.74,0.047520915
3.76,0.064094321
3.78,0.06862081
3.8,0.032835381
3.82,-0.021582969
3.84,-0.036678243
3.86,-0.021260444
3.88,-0.018087573
3.9,-0.042695631
3.92,-0.03981362
3.94,-0.02624554
3.96,-0.038176389
3.98,-0.058446166
4,-0.044561867
4.02,-0.005691688
4.04,0.028405975
4.06,0.048643528
4.08,0.025754176
4.1,-0.017105077
4.12,-0.04952923
4.14,-0.073448277
4.16,-0.076171214
4.18,-0.048133036
4.2,-0.019780733
4.22,-0.003869097
4.24,0.015568283
4.26,0.042061016
4.28,0.036357912
4.3,0.00188018
4.32,-0.030113773
4.34,-0.048919338
4.36,-0.029591708
4.38,-0.003703572
4.4,0.01473918
4.42,0.042042457
4.44,0.073713971
4.46,0.072402729
4.48,0.05694174
4.5,0.042066008
4.52,0.034649538
4.54,0.037071332
4.56,0.039058393
4.58,0.023003722
4.6,-0.003640781
4.62,-0.028294817
4.64,-0.052453686
4.66,-0.057186287
4.68,-0.041278618
4.7,-0.029696677
4.72,-0.018158459
4.74,0.00824204
4.76,0.041402826
4.78,0.063326903
4.8,0.054105275
4.82,0.017152945
4.84,0.002553315
4.86,0.015973185
4.88,0.036961755
4.9,0.042064626
4.92,0.028156797
4.94,0.014013267
4.96,0.004970233
4.98,0.007103392
5,0.005065941
5.02,-0.002833322
5.04,-0.015467001
5.06,-0.023931799
5.08,-0.013009318
5.1,0.014325439
5.12,0.03968347
5.14,0.051124773
5.16,0.041167344
5.18,0.02319918
5.2,0.004026775
5.22,-0.020264377
5.24,-0.043765782
5.26,-0.060336946
5.28,-0.064962872
5.3,-0.043480565
5.32,-0.014257026
5.34,0.005790845
5.36,0.017238748
5.38,0.008233283
5.4,-0.013707551
5.42,-0.028855855
5.44,-0.025453929
5.46,0.001609427
5.48,0.030024615
5.5,0.030529234
5.52,0.002677386
5.54,-0.025609831
5.56,-0.034774517
5.58,-0.033476972
5.6,-0.032350196
5.62,-0.030308185
5.64,-0.024682939
5.66,-0.015366454
5.68,-0.009270726
5.7,-0.010609451
5.72,-0.018294525
5.74,-0.030354042
5.76,-0.034514298
5.78,-0.013284286
5.8,0.021827
5.82,0.053038566
5.84,0.073582421
5.86,0.080395567
5.88,0.07830401
5.9,0.062176751
5.92,0.041380788
5.94,0.02731912
5.96,0.019176744
5.98,0.018189657
6,0.022569853
6.02,0.031717328
6.04,0.037829077
6.06,0.038750094
6.08,0.038698371
6.1,0.031990901
6.12,0.004729174
6.14,-0.025714318
6.16,-0.048333086
6.18,-0.063280639
6.2,-0.057130985
6.22,-0.04052713
6.24,-0.027393079
6.26,-0.021062837
6.28,-0.017451407
6.3,-0.016675792
6.32,-0.018839993
6.34,-0.014380014
6.36,-0.009186755
6.38,-0.016936517
6.4,-0.032444003
6.42,-0.040519311
6.44,-0.024924442
6.46,0.001173006
6.48,0.017060834
6.5,0.036422245
6.52,0.05300584
6.54,0.048588618
6.56,0.035170581
6.58,0.022658725
6.6,0.016964048
6.62,0.003210247
6.64,-0.017976783
6.66,-0.019866944
6.68,-0.013722941
6.7,-0.011456776
6.72,-0.019652451
6.74,-0.02703497
6.76,-0.004332534
6.78,0.020271456
6.8,0.059580398
6.82,0.060679491
6.84,-0.046332267
6.86,-0.093502882
6.88,-0.037832356
6.9,-0.016018691
6.92,-0.017986887
6.94,-0.020515943
6.96,-0.010719859
6.98,0.007034267
7,0.018922735
7.02,0.045041247
7.04,0.061967905
7.06,0.058027707
7.08,0.056143651
7.1,0.044803736
7.12,0.028777955
7.14,0.004796504
7.16,-0.006351624
7.18,0.000547064
7.2,-0.006852338
7.22,-0.017832136
7.24,-0.016602237
7.26,-0.025381246
7.28,-0.041500169
7.3,-0.038529011
7.32,-0.011024775
7.34,0.015883536
7.36,0.02511992
7.38,0.019035372
7.4,0.008490391
7.42,-0.004353929
7.44,-0.006678191
7.46,-0.004022299
7.48,-0.002817157
7.5,-0.00309817
7.52,-0.010292641
7.54,-0.014038973
7.56,-0.00830657
7.58,-0.015117136
7.6,-0.034054172
7.62,-0.049504181
7.64,-0.046734166
7.66,-0.038765125
7.68,-0.03323106
7.7,-0.026235967
7.72,-0.020198845
7.74,-0.01057069
7.76,0.007652302
7.78,0.027831734
7.8,0.04646601
7.82,0.063001333
7.84,0.062105705
7.86,0.054701126
7.88,0.057581595
7.9,0.04994211
7.92,0.028896666
7.94,0.011823259
7.96,-0.001030048
7.98,-0.012933471
8,-0.015057805
8.02,-0.009412127
8.04,-0.005950142
8.06,-0.009506556
8.08,-0.019942074
8.1,-0.0286654
8.12,-0.023113739
8.14,-0.015543095
8.16,-0.009464671
8.18,0.000609361
8.2,0.015545707
8.22,0.031269256
8.24,0.027105774
8.26,0.006166657
8.28,-0.012123298
8.3,-0.028114897
8.32,-0.039696542
8.34,-0.032282238
8.36,-0.021313988
8.38,-0.018164792
8.4,-0.015287653
8.42,-0.011499571
8.44,-0.023068546
8.46,-0.041484578
8.48,-0.044256667
8.5,-0.021024811
8.52,0.004182892
8.54,0.022256745
8.56,0.020642452
8.58,0.001591615
8.6,-0.011527264
8.62,-0.015932683
8.64,-0.016885139
8.66,-0.003129231
8.68,0.016584845
8.7,0.035483292
8.72,0.039132713
8.74,0.02785111
8.76,0.017054483
8.78,0.011857833
8.8,0.013730159
8.82,0.018861461
8.84,0.022305738
8.86,0.017111988
8.88,0.005865311
8.9,-0.000654598
8.92,-0.001895539
8.94,-0.002737315
8.96,-0.01555423
8.98,-0.037926184
9,-0.046901181
9.02,-0.02641722
9.04,-0.008007703
9.06,0.001752172
9.08,0.011558406
9.1,0.026202198
9.12,0.12454795
9.14,0.10429166
9.16,0.044350325
9.18,0.014862941
9.2,0.008796701
9.22,0.018966999
9.24,0.028715426
9.26,0.035747777
9.28,0.026487043
9.3,0.015403215
9.32,-0.007854817
9.34,-0.020579763
9.36,-0.029793932
9.38,-0.045870234
9.4,-0.044615678
9.42,-0.042864272
9.44,-0.057118022
9.46,-0.044960933
9.48,-0.00736381
9.5,0.028690745
9.52,0.031394329
9.54,0.034223739
9.56,0.030603969
9.58,0.006640015
9.6,-0.027116128
9.62,-0.056795467
9.64,-0.058296005
9.66,-0.043191748
9.68,-0.012903697
9.7,0.021989147
9.72,0.022668782
9.74,-0.002661792
9.76,-0.027990578
9.78,-0.020622577
9.8,0.00885221
9.82,0.035778783
9.84,0.04768214
9.86,0.029542279
9.88,0.001822538
9.9,-0.007670906
9.92,0.021033362
9.94,0.0565976
9.96,0.058207603
9.98,0.009657365
10,-0.033662119
10.02,-0.046610857
10.04,-0.061523855
10.06,-0.073987118
10.08,-0.06902165
10.1,-0.054509451
10.12,-0.045711523
10.14,-0.035761864
10.16,-0.013481471
10.18,0.002910459
10.2,0.002187129
10.22,-0.009913857
10.24,-0.015761494
10.26,-0.01412038
10.28,-0.01504551
10.3,-0.01392888
10.32,-0.001548483
10.34,0.007123184
10.36,0.001132812
10.38,-0.011421649
10.4,-0.017638138
10.42,-0.013587835
10.44,0.003073366
10.46,0.031910171
10.48,0.055339886
10.5,0.057126416
10.52,0.050858766
10.54,0.029426937
10.56,-0.016465068
10.58,-0.05272125
10.6,-0.047680606
10.62,-0.039279135
10.64,-0.075364834
10.66,-0.122368697
10.68,-0.086783718
10.7,0.001997932
10.72,0.057242804
10.74,0.059720369
10.76,0.051174818
10.78,0.051571159
10.8,0.027009399
10.82,-0.008346755
10.84,0.018445602
10.86,0.067051575
10.88,0.065828469
10.9,0.024224288
10.92,0.000347564
10.94,-0.002941692
10.96,-0.01685169
10.98,-0.020839157
11,0.009495208
11.02,0.035326707
11.04,0.045782042
11.06,0.058892314
11.08,0.053423522
11.1,0.027181666
11.12,0.009847142
11.14,0.003376048
11.16,-0.016440322
11.18,-0.04700547
11.2,-0.0486817
11.22,-0.019669015
11.24,-0.000894715
11.26,0.002207999
11.28,0.018817527
11.3,0.048196866
11.32,0.057945117
11.34,0.029181277
11.36,-0.002261458
11.38,-0.019835692
11.4,-0.026243829
11.42,-0.010058073
11.44,0.012300571
11.46,0.021170102
11.48,0.013788516
11.5,-0.004034191
11.52,-0.029458024
11.54,-0.048490985
11.56,-0.044666079
11.58,-0.037666308
11.6,-0.042766672
11.62,-0.046750172
11.64,-0.039503807
11.66,-0.015512574
11.68,0.012579529
11.7,0.025489505
11.72,0.025624359
11.74,0.023229091
11.76,0.020353705
11.78,0.019708201
11.8,0.032143581
11.82,0.054107844
11.84,0.056393991
11.86,0.016508018
11.88,-0.028884076
11.9,-0.063840295
11.92,-0.078609642
11.94,-0.056703119
11.96,-0.027061724
11.98,-0.013737457
12,-0.019023313
12.02,-0.02449829
12.04,-0.023685385
12.06,-0.010931594
12.08,0.009229589
12.1,0.023599668
12.12,0.015075148
12.14,-0.001170866
12.16,-0.008137772
12.18,-0.017274965
12.2,-0.029402841
12.22,-0.015726795
12.24,0.014179178
12.26,0.040940082
12.28,0.064594924
12.3,0.064981707
12.32,0.040682435
12.34,0.014618107
12.36,-0.010602275
12.38,-0.030378713
12.4,-0.023062205
12.42,-0.007257552
12.44,-0.003275852
12.46,-0.003261104
12.48,-0.000228807
12.5,0.002298942
12.52,-0.001772957
12.54,-0.007373301
12.56,-0.00660019
12.58,-0.002654321
12.6,-0.001526393
12.62,-0.001112304
12.64,0.007137449
12.66,0.022932967
12.68,0.037163853
12.7,0.048471706
12.72,0.049002529
12.74,0.026733319
12.76,-0.000369555
12.78,-0.017422206
12.8,-0.023150526
12.82,-0.026440888
12.84,-0.029116293
12.86,-0.030175743
12.88,-0.030470238
12.9,-0.032451777
12.92,-0.038905359
12.94,-0.047333982
12.96,-0.052910643
12.98,-0.046070339
13,-0.033018063
13.02,-0.024254809
13.04,-0.024637569
13.06,-0.022936337
13.08,-0.014826102
13.1,-0.004786156
13.12,0.005117011
13.14,0.016068709
13.16,0.026713046
13.18,0.028293433
13.2,0.021403877
13.22,0.013941386
13.24,0.006052469
13.26,0.000198337
13.28,0.004703079
13.3,0.011917221
13.32,0.016750163
13.34,0.021797211
13.36,0.028177372
13.38,0.03555165
13.4,0.04443505
13.42,0.055141576
13.44,0.05948023
13.46,0.049232015
13.48,0.036745929
13.5,0.026730972
13.52,0.016010141
13.54,0.004468634
13.56,-0.003044454
13.58,0.000137255
13.6,0.004974917
13.62,-0.003605431
13.64,-0.019934374
13.66,-0.034073413
13.68,-0.047840352
13.7,-0.056659193
13.72,-0.041878938
13.74,-0.018785584
13.76,-0.001341432
13.78,0.013735421
13.8,0.014758077
13.82,-0.003658262
13.84,-0.022947296
13.86,-0.034951322
13.88,-0.021558238
13.9,0.007412059
13.92,0.033822271
13.94,0.058938702
13.96,0.071287254
13.98,0.054659928
14,0.032392723
14.02,0.014640637
14.04,-0.004157732
14.06,-0.024408189
14.08,-0.034452936
14.1,-0.022548576
14.12,-0.00659001
14.14,0.005331359
14.16,0.01117313
14.18,0.010373904
14.2,0.009144377
14.22,0.008976748
14.24,0.008917015
14.26,0.009322677
14.28,0.00954183
14.3,0.007337171
14.32,0.004717799
14.34,0.00328381
14.36,0.002531
14.38,0.002185967
14.4,0.002317007
14.42,0.002219316
14.44,-0.003414209
14.46,-0.01390687
14.48,-0.018981873
14.5,-0.013261819
14.52,-0.007013612
14.54,-0.006006954
14.56,-0.011742346
14.58,-0.018873091
14.6,-0.017620791
14.62,-0.001029316
14.64,0.018572943
14.66,0.036747374
14.68,0.056435846
14.7,0.075728358
14.72,0.069704906
14.74,0.040433483
14.76,0.013694084
14.78,-0.0095279
14.8,-0.034555677
14.82,-0.059897055
14.84,-0.079728442
14.86,-0.072587843
14.88,-0.052010263
14.9,-0.037609703
14.92,-0.025723165
14.94,-0.019981648
14.96,-0.020984151
14.98,-0.021516674
15,-0.018688214
15.02,-0.01643777
15.04,-0.015863338
15.06,-0.023514915
15.08,-0.034676497
15.1,-0.040609081
15.12,-0.035465662
15.14,-0.027262232
15.16,-0.020593786
15.18,-0.008400815
15.2,0.012804188
15.22,0.033997732
15.24,0.049539324
15.26,0.056072972
15.28,0.058695682
15.3,0.052984458
15.32,0.041596303
15.34,0.025359219
15.36,0.003182807
15.38,-0.019315732
15.4,-0.0374416
15.42,-0.035139395
15.44,-0.020352115
15.46,-0.007615459
15.48,0.004525676
15.5,0.015750194
15.52,0.009618797
15.54,-0.007414613
15.56,-0.021444733
15.58,-0.019930861
15.6,0.000900407
15.62,0.023153174
15.64,0.042921342
15.66,0.062817616
15.68,0.064771996
15.7,0.044912483
15.72,0.024978076
15.74,0.010070772
15.76,0.007611668
15.78,0.01414646
15.8,0.013716446
15.82,0.003628422
15.84,-0.005377018
15.86,-0.012115077
15.88,-0.01906176
15.9,-0.025799369
15.92,-0.03185591
15.94,-0.034120383
15.96,-0.028297793
15.98,-0.021110139
16,-0.017493421
16.02,-0.021261641
16.04,-0.028798798
16.06,-0.03685289
16.08,-0.037428915
16.1,-0.022014871
16.12,-0.005117154
16.14,0.007364539
16.16,0.018804713
16.18,0.029568073
16.2,0.038734521
16.22,0.045400061
16.24,0.050776694
16.26,0.059109421
16.28,0.055457242
16.3,0.039609156
16.32,0.026189157
16.34,0.021854243
16.36,0.016763409
16.38,0.008808449
16.4,0.002705056
16.42,-0.001294634
16.44,-0.005091349
16.46,-0.008729473
16.48,-0.012733255
16.5,-0.017442698
16.52,-0.023070109
16.54,-0.029499493
16.56,-0.027200853
16.58,-0.011939195
16.6,0.003147279
16.62,0.015237166
16.64,0.026426863
16.66,0.023925567
16.68,0.008094974
16.7,-0.00648072
16.72,-0.011651321
16.74,-0.009086032
16.76,-0.010675958
16.78,-0.018074303
16.8,-0.024038671
16.82,-0.027934065
16.84,-0.027230487
16.86,-0.02192694
16.88,-0.016503424
16.9,-0.016831942
16.92,-0.021393493
16.94,-0.025344077
16.96,-0.029140693
16.98,-0.032712341
17,-0.026674018
17.02,-0.013446721
17.04,-0.002125348
17.06,0.007493206
17.08,0.012501044
17.1,0.00358537
17.12,-0.010154013
17.14,-0.017609302
17.16,-0.013261092
17.18,-0.007002981
17.2,-0.002624564
17.22,0.002280764
17.24,0.007946407
17.26,0.012590069
17.28,0.009327355
17.3,0.001120468
17.32,-0.005503988
17.34,-0.010117509
17.36,-0.007079591
17.38,0.00234617
17.4,0.011555777
17.42,0.020393336
17.44,0.029812949
17.46,0.03288262
17.48,0.025394353
17.5,0.016780147
17.52,0.009866006
17.54,0.007457829
17.56,0.010413917
17.58,0.010414971
17.6,0.00414329
17.62,-0.002753525
17.64,-0.008901076
17.66,-0.015608162
17.68,-0.021006783
17.7,-0.015659339
17.72,-0.003803728
17.74,0.006729049
17.76,0.016842396
17.78,0.023204112
17.8,0.019074898
17.82,0.012798756
17.84,0.011841684
17.86,0.015129682
17.88,0.018066749
17.9,0.019196884
17.92,0.014614085
17.94,0.00736685
17.96,0.001041777
17.98,-0.000501358
18,0.002953303
18.02,0.006275698
18.04,0.008263943
18.06,0.007220236
18.08,0.004190772
18.1,0.00129395
18.12,-0.001133195
18.14,0.001533414
18.16,0.009130494
18.18,0.0164855
18.2,0.02331433
18.22,0.030705179
18.24,0.038368042
18.26,0.045889914
18.28,0.044498788
18.3,0.027217656
18.32,0.007879411
18.34,-0.008890358
18.36,-0.026436859
18.38,-0.044387103
18.4,-0.061322397
18.42,-0.067420749
18.44,-0.061555166
18.46,-0.055864651
18.48,-0.052841207
18.5,-0.054376837
18.52,-0.058660539
18.54,-0.062842314
18.56,-0.062913158
18.58,-0.050039066
18.6,-0.032863034
18.62,-0.017856054
18.64,-0.002927318
18.66,0.012724782
18.68,0.027951654
18.7,0.033517507
18.72,0.025800347
18.74,0.020930181
18.76,0.022659015
18.78,0.024145855
18.8,0.024851706
18.82,0.02653457
18.84,0.028407454
18.86,0.026086358
18.88,0.019167285
18.9,0.013121238
18.92,0.008033417
18.94,0.002978022
18.96,0.003946855
18.98,0.008892417
19,0.012850406
19.02,0.016204524
19.04,0.017869671
19.06,0.015823845
19.08,0.013257046
19.1,0.012374273
19.12,0.010981523
19.14,0.006180195
19.16,0.000525597
19.18,-0.001224704
19.2,-0.00024325
19.22,0.000184535
19.24,-8.91953E-05
19.26,-0.002503947
19.28,-0.006226789
19.3,-0.009671129
19.32,-0.013575168
19.34,-0.019626809
19.36,-0.026198453
19.38,-0.032255102
19.4,-0.034613755
19.42,-0.026542413
19.44,-0.015787074
19.46,-0.008795336
19.48,-0.002680898
19.5,0.004390743
19.52,0.01139329
19.54,0.018197645
19.56,0.02488501
19.58,0.028540387
19.6,0.029744777
19.62,0.031381179
19.64,0.032623595
19.66,0.028762021
19.68,0.021987458
19.7,0.016310901
19.72,0.011379348
19.74,0.006466994
19.76,0.001597937
19.78,-0.003148829
19.8,-0.007890306
19.82,-0.0126795
19.84,-0.017513114
19.86,-0.022413752
19.88,-0.026415416
19.9,-0.02444511
19.92,-0.018358835
19.94,-0.013166592
19.96,-0.008544783
19.98,-0.003603408
20,0.001199333
20.02,0.005509439
20.04,0.00630641
20.06,0.003109347
20.08,-0.000217493
20.1,-0.003110888
20.12,-0.006356461
20.14,-0.00959047
20.16,-0.008627918
20.18,-0.002403903
20.2,0.003966273
20.22,0.009643612
20.24,0.014444814
20.26,0.012842477
20.28,0.007986602
20.3,0.004193388
20.32,0.000713363
20.34,-0.002807263
20.36,-0.002336102
20.38,0.001575615
20.4,0.005169587
20.42,0.008440914
20.44,0.009132393
20.46,0.001367623
20.48,-0.008938097
20.5,-0.01784387
20.52,-0.026500796
20.54,-0.028272776
20.56,-0.020461811
20.58,-0.012242901
20.6,-0.005442245
20.62,-0.000495341
20.64,-0.004233289
20.66,-0.011731787
20.68,-0.017942134
20.7,-0.023930527
20.72,-0.025498966
20.74,-0.019806447
20.76,-0.013596966
20.78,-0.008581021
20.8,-0.001810156
20.82,0.003718126
20.84,0.008976388
20.86,0.014186333
20.88,0.019399665
20.9,0.02454199
20.92,0.029245309
20.94,0.028898625
20.96,0.023873941
20.98,0.019438258
21,0.018836577
21.02,0.020197897
21.04,0.015902218
21.06,0.00603384
21.08,-0.002700538
21.1,-0.002071919
21.12,0.006066198
21.14,0.01358881
21.16,0.020204117
21.18,0.023056416
21.2,0.020260706
21.22,0.017097983
21.24,0.014844245
21.26,0.012319487
21.28,0.009349805
21.3,0.002308096
21.32,-0.009074145
21.34,-0.020342824
21.36,-0.029844744
21.38,-0.030877709
21.4,-0.026056723
21.42,-0.022151788
21.44,-0.018847905
21.46,-0.014954077
21.48,-0.011072303
21.5,-0.007461984
21.52,-0.005272821
21.54,-0.007087913
21.56,-0.01015676
21.58,-0.012690262
21.6,-0.015346818
21.62,-0.018303426
21.64,-0.021266087
21.66,-0.023885797
21.68,-0.023929555
21.7,-0.022222357
21.72,-0.0208552
21.74,-0.018591081
21.76,-0.009094994
21.78,0.004671466
21.8,0.014908104
21.82,0.019028124
21.84,0.021005132
21.86,0.020016133
21.88,0.018141129
21.9,0.019218124
21.92,0.022319121
21.94,0.025072122
21.96,0.02776013
21.98,0.030759144
22,0.031802167
22.02,0.022607197
22.04,0.008578933
22.06,-0.002476126
22.08,-0.007261381
22.1,-0.009988636
22.12,-0.010875591
22.14,-0.008922647
22.16,-0.006772906
22.18,-0.005123469
22.2,-0.003363836
22.22,-0.001532407
22.24,0.000172373
22.26,0.001807932
22.28,0.003421543
22.3,0.004984447
22.32,0.006561644
22.34,0.008547032
22.36,0.010768612
22.38,0.012681581
22.4,0.01055554
22.42,0.003860785
22.44,-0.002852385
22.46,-0.008965172
22.48,-0.015422777
22.5,-0.022004903
22.52,-0.027499051
22.54,-0.030176222
22.56,-0.028003415
22.58,-0.02034663
22.6,-0.012272866
22.62,-0.004886422
22.64,0.001725707
22.66,0.00284752
22.68,0.001129101
22.7,0.000727282
22.72,0.002510195
22.74,0.004767772
22.76,0.006785445
22.78,0.008912016
22.8,0.010965087
22.82,0.010587759
22.84,0.007983034
22.86,0.005564412
22.88,0.003426495
22.9,0.001324083
22.92,-0.000137864
22.94,-0.001327124
22.96,-0.002629617
22.98,-0.003189103
23,-0.000475801
23.02,0.00361675
23.04,0.007203191
23.06,0.010739241
23.08,0.013486002
23.1,0.011110774
23.12,0.008241857
23.14,0.01132835
23.16,0.015808153
23.18,0.018953964
23.2,0.018528783
23.22,0.013700608
23.24,0.008587636
23.26,0.004073565
23.28,-0.000692828
23.3,-0.005173586
23.32,-0.004617271
23.34,4.44942E-05
23.36,0.003055626
23.38,0.002984602
23.4,0.002794461
23.42,0.003080498
23.44,0.003148311
23.46,0.003107998
23.48,0.002762455
23.5,-0.000602041
23.52,-0.006059233
23.54,-0.011166584
23.56,-0.016081077
23.58,-0.021227614
23.6,-0.023651199
23.62,-0.019812832
23.64,-0.014724515
23.66,-0.010663249
23.68,-0.006441933
23.7,-0.001950169
23.72,-0.000101235
23.74,-0.004723392
23.76,-0.01086968
23.78,-0.016045718
23.8,-0.021430806
23.82,-0.025043942
23.84,-0.020705126
23.86,-0.013321354
23.88,-0.007227125
23.9,-0.001210636
23.92,0.005180516
23.94,0.008579636
23.96,0.008153425
23.98,0.007679486
24,0.007759023
24.02,0.007573637
24.04,0.007287631
24.06,0.007144407
24.08,0.007040567
24.1,0.006931912
24.12,0.006866544
24.14,0.006850165
24.16,0.006868274
24.18,0.006922474
24.2,0.006883066
24.22,0.006033149
24.24,0.004697925
24.26,0.003492994
24.28,0.002062755
24.3,-0.00153919
24.32,-0.006577642
24.34,-0.011360001
24.36,-0.015631666
24.38,-0.015426337
24.4,-0.011373013
24.42,-0.007750392
24.44,-0.004648273
24.46,-0.001551954
24.48,-0.003180634
24.5,-0.009884409
24.52,-0.016502079
24.54,-0.02254274
24.56,-0.028177391
24.58,-0.027238027
24.6,-0.021617645
24.62,-0.016871241
24.64,-0.012684808
24.66,-0.008023842
24.68,-0.003373436
24.7,0.001069116
24.72,0.005530619
24.74,0.01004538
24.76,0.015227705
24.78,0.0228755
24.8,0.03153137
24.82,0.03990632
24.84,0.048273354
24.86,0.055617475
24.88,0.061907685
24.9,0.064375984
24.92,0.059940371
24.94,0.051576844
24.96,0.036684398
24.98,0.019790028
25,0.003975628
25.02,-0.01169351
25.04,-0.023676691
25.06,-0.018871823
25.08,-0.006708711
25.1,0.003041038
25.12,0.011165019
25.14,0.011017027
25.16,0.005032356
25.18,6.0105E-05
25.2,-0.004212548
25.22,-0.009046994
25.24,-0.013868743
25.26,-0.018429702
25.28,-0.022996675
25.3,-0.027520669
25.32,-0.028078687
25.34,-0.022387733
25.36,-0.016133811
25.38,-0.010881923
25.4,-0.005481671
25.42,-0.002272257
25.44,-0.002291383
25.46,-0.002651151
25.48,-0.002716061
25.5,-0.003169217
25.52,-0.003935518
25.54,-0.004844267
25.56,-0.006861365
25.58,-0.010569313
25.6,-0.014827912
25.62,-0.019145562
25.64,-0.023858265
25.66,-0.02895802
25.68,-0.034215826
25.7,-0.036322682
25.72,-0.031879586
25.74,-0.026474534
25.76,-0.022138522
25.78,-0.015406546
25.8,-0.006364402
25.82,0.002232718
25.84,0.010381218
25.86,0.016581104
25.88,0.017977982
25.9,0.018272856
25.92,0.019355731
25.94,0.020096611
25.96,0.0172985
25.98,0.0119164
26,0.007085215
26.02,0.002764947
26.04,-0.000570802
26.06,0.001186971
26.08,0.005752966
26.1,0.010251187
26.12,0.015068236
26.14,0.020441314
26.16,0.024707422
26.18,0.028023561
26.2,0.030242732
26.22,0.028869934
26.24,0.026489166
26.26,0.022790425
26.28,0.01716771
26.3,0.011675016
26.32,0.006681141
26.34,0.001508681
26.36,-0.005445669
26.38,-0.013532613
26.4,-0.017420254
26.42,-0.014914896
26.44,-0.011919542
26.46,-0.009870496
26.48,-0.007480859
26.5,-0.004924934
26.52,-0.002646624
26.54,-0.000527669
26.56,0.001498247
26.58,0.003335103
26.6,0.004822538
26.62,0.003811748
26.64,-5.936E-05
26.66,-0.004211811
26.68,-0.008607485
26.7,-0.013297392
26.72,-0.015302333
26.74,-0.01468831
26.76,-0.014917325
26.78,-0.018115377
26.8,-0.022582468
26.82,-0.026899598
26.84,-0.031637766
26.86,-0.03522097
26.88,-0.029848209
26.9,-0.01971448
26.92,-0.011096778
26.94,-0.003092301
26.96,0.002087056
26.98,0.001215698
27,-0.000785731
27.02,-0.001939447
27.04,-0.003141424
27.06,-0.003296199
27.08,-0.002575367
27.1,-0.001957423
27.12,-0.000920693
27.14,0.002267118
27.16,0.006450225
27.18,0.010484762
27.2,0.014660535
27.22,0.017601347
27.24,0.019104201
27.26,0.021229103
27.28,0.023999054
27.3,0.026679058
27.32,0.025259115
27.34,0.018844227
27.36,0.012734396
27.38,0.00821842
27.4,0.0055248
27.42,0.003479236
27.44,0.001521026
27.46,-0.000279819
27.48,-0.003424831
27.5,-0.00774188
27.52,-0.011800277
27.54,-0.015626621
27.56,-0.019148914
27.58,-0.016151155
27.6,-0.006414842
27.62,0.002959024
27.64,0.011282446
27.66,0.019913425
27.68,0.027664461
27.7,0.034075555
27.72,0.036575707
27.74,0.034677916
27.76,0.031899179
27.78,0.024103495
27.8,0.011793858
27.82,-0.000141764
27.84,-0.008869986
27.86,-0.013640803
27.88,-0.016468289
27.9,-0.014057748
27.92,-0.008954384
27.94,-0.002026499
27.96,0.005914503
27.98,0.013845619
28,0.021322246
28.02,0.021480882
28.04,0.013152521
28.06,0.004816159
28.08,-0.002350508
28.1,-0.010145585
28.12,-0.018190978
28.14,-0.02598339
28.16,-0.033112826
28.18,-0.037522289
28.2,-0.040405782
28.22,-0.039728307
28.24,-0.035355865
28.26,-0.028434454
28.28,-0.018220075
28.3,-0.007453625
28.32,0.002926798
28.34,0.013505896
28.36,0.024306172
28.38,0.035137427
28.4,0.046055664
28.42,0.054863882
28.44,0.054186081
28.46,0.048781259
28.48,0.039615414
28.5,0.027114539
28.52,0.014756631
28.54,0.002984782
28.56,-0.008902513
28.58,-0.020746361
28.6,-0.030146469
28.62,-0.035444642
28.64,-0.038677886
28.66,-0.039510204
28.68,-0.0398576
28.7,-0.040114077
28.72,-0.038604634
28.74,-0.036884274
28.76,-0.036172994
28.78,-0.036015795
28.8,-0.034644672
28.82,-0.031974622
28.84,-0.029985642
28.86,-0.027713726
28.88,-0.021715869
28.9,-0.014126064
28.92,-0.007491804
28.94,-0.001092682
28.96,0.004082611
28.98,0.005424081
29,0.005992635
29.02,0.007603982
29.04,0.009647529
29.06,0.012414382
29.08,0.015924049
29.1,0.017488735
29.12,0.017571447
29.14,0.018383191
29.16,0.019566971
29.18,0.020235793
29.2,0.020817661
29.22,0.021528578
29.24,0.022250547
29.26,0.023208573
29.28,0.024236655
29.3,0.023335797
29.32,0.019794999
29.34,0.016002262
29.36,0.012542585
29.38,0.008847068
29.4,0.005030009
29.42,0.001322509
29.44,-0.001550934
29.46,-0.002399721
29.48,-0.002749954
29.5,-0.005163433
29.52,-0.00908996
29.54,-0.012473935
29.56,-0.015341059
29.58,-0.016144133
29.6,-0.011144156
29.62,-0.004177029
29.64,0.002210851
29.66,0.008906982
29.68,0.016117267
29.7,0.022921506
29.72,0.024406798
29.74,0.021520143
29.76,0.019075541
29.78,0.016988989
29.8,0.014266486
29.82,0.011231029
29.84,0.008144915
29.86,0.007146541
29.88,0.008871404
29.9,0.0103186
29.92,0.010933326
29.94,0.011361077
29.96,0.01143785
29.98,0.010028639
30,0.00720724
30.02,0.004155048
30.04,0.000977458
30.06,-0.002701136
30.08,-0.00875494
30.1,-0.016722557
30.12,-0.024374795
30.14,-0.028580056
30.16,-0.029580346
30.18,-0.030736667
30.2,-0.032267022
30.22,-0.031596414
30.24,-0.027711843
30.26,-0.023652309
30.28,-0.020160812
30.3,-0.016561351
30.32,-0.013067924
30.34,-0.01103653
30.36,-0.010038967
30.38,-0.008864331
30.4,-0.00722862
30.42,-0.003668032
30.44,0.000970438
30.46,0.005316792
30.48,0.009524734
30.5,0.013788766
30.52,0.016554992
30.54,0.016379214
30.56,0.015650434
30.58,0.015282654
30.6,0.013639875
30.62,0.009626798
30.64,0.005246124
30.66,0.001196754
30.68,-0.002842114
30.7,-0.004210677
30.72,-0.002316937
30.74,-0.000385433
30.76,0.001127256
30.78,0.002750611
30.8,0.003151271
30.82,0.002603336
30.84,0.002439308
30.86,0.002585787
30.88,0.002912871
30.9,0.004554563
30.92,0.007904561
30.94,0.011680265
30.96,0.015613575
30.98,0.019521891
31,0.019477212
31.02,0.016865536
31.04,0.01508486
31.06,0.013910184
31.08,0.012676503
31.1,0.011020815
31.12,0.008952517
31.14,0.007141604
31.16,0.005666674
31.18,0.004369021
31.2,0.003241541
31.22,0.001225531
31.24,-0.003415814
31.26,-0.008675599
31.28,-0.013650328
31.3,-0.020842305
31.32,-0.030458334
31.34,-0.040139418
31.36,-0.04841156
31.38,-0.053311761
31.4,-0.056771021
31.42,-0.05459534
31.44,-0.047800714
31.46,-0.041949141
31.48,-0.035634616
31.5,-0.024989131
31.52,-0.013449681
31.54,-0.003153658
31.56,0.006863345
31.58,0.016211538
31.6,0.022436927
31.62,0.02721732
31.64,0.031492723
31.66,0.030871143
31.68,0.027429585
31.7,0.024849054
31.72,0.022826553
31.74,0.020871086
31.76,0.018039656
31.78,0.015069264
31.8,0.012270913
31.82,0.009414103
31.84,0.006424637
31.86,0.003315314
31.88,0.000495646
31.9,-0.000623828
31.92,-0.001057385
31.94,-0.002106727
31.96,-0.003535922
31.98,-0.00494737
32,-0.003966569
32.02,-0.000794589
32.04,0.00195518
32.06,0.004187731
32.08,0.006476833
32.1,0.008706488
32.12,0.010831496
32.14,0.013232959
32.16,0.015745475
32.18,0.018323045
32.2,0.021143668
32.22,0.024331343
32.24,0.027844069
32.26,0.031006844
32.28,0.027811664
32.3,0.020041527
32.32,0.013351427
32.34,0.00755086
32.36,0.001652822
32.38,-0.003992894
32.4,-0.008644092
32.42,-0.010344679
32.44,-0.010571658
32.46,-0.011001634
32.48,-0.011242613
32.5,-0.011460599
32.52,-0.012959594
32.54,-0.016687604
32.56,-0.020461631
32.58,-0.023818678
32.6,-0.027007748
32.62,-0.029633842
32.64,-0.027107962
32.66,-0.021155108
32.68,-0.01591528
32.7,-0.011105478
32.72,-0.005997499
32.74,-0.000979922
32.76,0.003801894
32.78,0.00850791
32.8,0.013126208
32.82,0.01733189
32.84,0.021140557
32.86,0.024996208
32.88,0.027124845
32.9,0.025526466
32.92,0.02324907
32.94,0.020083656
32.96,0.00980072
32.98,-0.004024639
33,-0.016807726
33.02,-0.027513243
33.04,-0.032563793
33.06,-0.034495378
33.08,-0.030596999
33.1,-0.022719657
33.12,-0.015451351
33.14,-0.00867768
33.16,-0.001578842
33.18,0.005477263
33.2,0.012315537
33.22,0.019098682
33.24,0.025847799
33.26,0.032510889
33.28,0.035307951
33.3,0.028240985
33.32,0.01852199
33.34,0.008577462
33.36,-0.0028042
33.38,-0.014513201
33.4,-0.024769341
33.42,-0.029202525
33.44,-0.030922754
33.46,-0.033458029
33.48,-0.035953351
33.5,-0.03558272
33.52,-0.032412133
33.54,-0.02930359
33.56,-0.026441086
33.58,-0.021696619
33.6,-0.014553184
33.62,-0.007314275
33.64,-0.000359049
33.66,0.00680938
33.68,0.014048339
33.7,0.018023692
33.72,0.015608044
33.74,0.012125399
33.76,0.009643962
33.78,0.006924937
33.8,0.003915527
33.82,0.001056235
33.84,-0.001751235
33.86,-0.004600081
33.88,-0.005928997
33.9,-0.004537583
33.92,-0.002793533
33.94,-0.001481543
33.96,-5.80638E-05
33.98,0.001470266
34,0.002919895
34.02,0.004731577
34.04,0.007682017
34.06,0.010956518
34.08,0.014054484
34.1,0.017182517
34.12,0.02039462
34.14,0.023609797
34.16,0.026840047
34.18,0.029890373
34.2,0.029511775
34.22,0.025593253
34.24,0.021847806
34.26,0.018700433
34.28,0.01543613
34.3,0.013467897
34.32,0.014305729
34.34,0.015648624
34.36,0.016591577
34.38,0.017680586
34.4,0.018932644
34.42,0.020143748
34.44,0.021198892
34.46,0.01861507
34.48,0.011327275
34.5,0.003883902
34.52,-0.002901458
34.54,-0.010009012
34.56,-0.017317766
34.58,-0.024516527
34.6,-0.030366303
34.62,-0.032382099
34.64,-0.033304919
34.66,-0.034885769
34.68,-0.034617652
34.7,-0.02815157
34.72,-0.019747526
34.74,-0.01242552
34.76,-0.005333853
34.78,0.001951875
34.8,0.006629864
34.82,0.007255313
34.84,0.007473322
34.86,0.00819099
34.88,0.008618118
34.9,0.008774403
34.92,0.007445445
34.94,0.004121342
34.96,0.000667574
34.98,-0.002542802
35,-0.006005348
35.02,-0.009546244
35.04,-0.013021393
35.06,-0.016370095
35.08,-0.019605851
35.1,-0.020702662
35.12,-0.019338528
35.14,-0.017937449
35.16,-0.016821422
35.18,-0.015475447
35.2,-0.014008522
35.22,-0.012559644
35.24,-0.011057812
35.26,-0.009472221
35.28,-0.00783007
35.3,-0.006132853
35.32,-0.004371169
35.34,-0.002547812
35.36,-0.000666419
35.38,0.001272233
35.4,0.00326623
35.42,0.005312014
35.44,0.00740639
35.46,0.009546062
35.48,0.011725932
35.5,0.013585505
35.52,0.012805083
35.54,0.010239669
35.56,0.008010666
35.58,0.005973375
35.6,0.003744699
35.62,0.001516338
35.64,-0.000640494
35.66,-0.002810527
35.68,-0.004435228
35.7,-0.002849307
35.72,0.000466249
35.74,0.003318312
35.76,0.006032113
35.78,0.008955845
35.8,0.011144909
35.82,0.011000806
35.84,0.010100737
35.86,0.009540204
35.88,0.008933907
35.9,0.008166647
35.92,0.007430223
35.94,0.007676636
35.96,0.009603085
35.98,0.01173727
36,0.013594491
36.02,0.015510746
36.04,0.017292034
36.06,0.016825353
36.08,0.014505701
36.1,0.012393077
36.12,0.010477476
36.14,0.008366996
36.16,0.006037934
36.18,0.003089985
36.2,-0.000129445
36.22,-0.003265388
36.24,-0.006390919
36.26,-0.009554152
36.28,-0.01266289
36.3,-0.013913437
36.32,-0.012523995
36.34,-0.010976568
36.36,-0.010441158
36.38,-0.011371768
36.4,-0.012597398
36.42,-0.013632051
36.44,-0.014709727
36.46,-0.015841429
36.48,-0.016598156
36.5,-0.015603909
36.52,-0.013788687
36.54,-0.01222849
36.56,-0.010704317
36.58,-0.009058767
36.6,-0.007426838
36.62,-0.005827728
36.64,-0.004215335
36.66,-0.002596258
36.68,-0.000984494
36.7,0.000488588
36.72,0.000373363
36.74,-0.00106736
36.76,-0.002365026
36.78,-0.003514595
36.8,-0.004799063
36.82,-0.005390528
36.84,-0.003318788
36.86,-0.000251809
36.88,0.00239862
36.9,0.005036593
36.92,0.007840082
36.94,0.01060899
36.96,0.013355119
36.98,0.016028272
37,0.018715449
37.02,0.021396654
37.04,0.023574885
37.06,0.021954145
37.08,0.017759431
37.1,0.014023745
37.12,0.010552085
37.14,0.006804949
37.16,0.003065335
37.18,-0.000223219
37.2,-0.000488324
37.22,0.001519908
37.24,0.003249963
37.26,0.004773631
37.28,0.00656331
37.3,0.008407695
37.32,0.010204487
37.34,0.011717981
37.36,0.010826475
37.38,0.008289465
37.4,0.006071349
37.42,0.004051222
37.44,0.001876081
37.46,-0.000281598
37.48,-0.002752359
37.5,-0.006011866
37.52,-0.009400703
37.54,-0.012632674
37.56,-0.015867382
37.58,-0.01819113
37.6,-0.017065922
37.62,-0.014611758
37.64,-0.012677643
37.66,-0.010757576
37.68,-0.008620459
37.7,-0.006530893
37.72,-0.004528079
37.74,-0.003530318
37.76,-0.00415861
37.78,-0.004979055
37.8,-0.005584053
37.82,-0.006302105
37.84,-0.007119212
37.86,-0.007923271
37.88,-0.008025085
37.9,-0.00672885
37.92,-0.005229568
37.94,-0.004005738
37.96,-0.003291557
37.98,-0.005433426
38,-0.009227142
38.02,-0.012711305
38.04,-0.016141213
38.06,-0.018404164
38.08,-0.017008156
38.1,-0.014720186
38.12,-0.013110251
38.14,-0.011499347
38.16,-0.009749871
38.18,-0.008139918
38.2,-0.006641584
38.22,-0.005170864
38.24,-0.003751855
38.26,-0.00240015
38.28,-0.001098045
38.3,0.000161556
38.32,0.001379486
38.34,0.002561422
38.36,0.004033878
38.38,0.00729166
38.4,0.011506571
38.42,0.015488518
38.44,0.019349503
38.46,0.022080532
38.48,0.023196608
38.5,0.024245733
38.52,0.02498491
38.54,0.023547141
38.56,0.021286427
38.58,0.019413769
38.6,0.016980166
38.62,0.013763618
38.64,0.010692125
38.66,0.007817385
38.68,0.004935797
38.7,0.002111659
38.72,-0.000599211
38.74,-0.003154274
38.76,-0.004692272
38.78,-0.005267628
38.8,-0.005809942
38.82,-0.006366716
38.84,-0.006751052
38.86,-0.00702275
38.88,-0.007228712
38.9,-0.007338139
38.92,-0.007345431
38.94,-0.007262489
38.96,-0.007091112
38.98,-0.006829902
39,-0.006056358
39.02,-0.00409848
39.04,-0.001795867
39.06,0.000405161
39.08,0.002699965
39.1,0.005115984
39.12,0.00756644
39.14,0.010054532
39.16,0.012595062
39.18,0.014984628
39.2,0.015991231
39.22,0.016064869
39.24,0.016314541
39.26,0.016657246
39.28,0.016883982
39.3,0.017088746
39.32,0.017302535
39.34,0.017459346
39.36,0.016557176
39.38,0.01361102
39.4,0.010253874
39.42,0.007125833
39.44,0.003835191
39.46,0.000355974
39.48,-0.002994814
39.5,-0.005260189
39.52,-0.007078485
39.54,-0.009182009
39.56,-0.011473564
39.58,-0.014006857
39.6,-0.01685419
39.62,-0.019861569
39.64,-0.022976998
39.66,-0.024754479
39.68,-0.023145015
39.7,-0.020904609
39.72,-0.019320261
39.74,-0.017716973
39.76,-0.016019746
39.78,-0.014471578
39.8,-0.013023471
39.82,-0.011582424
39.84,-0.009220734
39.86,-0.004992302
39.88,-0.000455825
39.9,0.003771698
39.92,0.008062569
39.94,0.012441689
39.96,0.01640936
39.98,0.015988983
40,0.011955558
40.02,0.008360386
40.04,0.005216067
40.06,0.001753301
40.08,-0.001711614
40.1,-0.005006977
40.12,-0.008572988
40.14,-0.012515748
40.16,-0.016388557
40.18,-0.020124414
40.2,-0.023806319
40.22,-0.025903271
40.24,-0.024478267
40.26,-0.022254306
40.28,-0.020488384
40.3,-0.018532498
40.32,-0.016319643
40.34,-0.014094815
40.36,-0.01177201
40.38,-0.008125521
40.4,-0.002845644
40.42,0.002554828
40.44,0.007820701
40.46,0.01327488
40.48,0.018933671
40.5,0.022803479
40.52,0.022463309
40.54,0.021310166
40.56,0.020881052
40.58,0.020367972
40.6,0.019687927
40.62,0.019138921
40.64,0.017826954
40.66,0.013827028
40.68,0.008934343
40.7,0.004486101
40.72,3.06587E-05
40.74,-0.003339657
40.76,-0.002102073
40.78,0.000914494
40.8,0.003190124
40.82,0.005408736
40.84,0.007891991
40.86,0.010282089
40.88,0.01255563
40.9,0.014824212
40.92,0.016951836
40.94,0.0162925
